number of items,linear search,binary search,recursive search,creation time,sort time
1000,92420,2545,3805,942300,1129300
2000,49750,5355,2055,112600,917900
3000,29325,2830,1345,181100,1340600
4000,44195,2315,1350,172200,623400
5000,93910,1555,1540,197300,930000
6000,99620,1470,1565,237900,794200
7000,123510,1455,2060,280800,961600
8000,171435,1860,1900,303000,1207700
9000,177480,2210,2015,683800,1433500
10000,152260,1525,1500,661200,2110200
11000,205715,1670,1665,795400,2896900
12000,252230,2070,1890,507800,2055300
13000,278990,1925,1945,444100,2455600
14000,289680,2515,1760,430300,2070800
15000,23440,1440,1505,589700,1536000
16000,26480,1405,1050,488600,1427500
17000,36240,2740,800,475600,1513600
18000,31475,1865,815,693000,2040100
19000,31855,1470,800,614400,1706500
20000,30995,1535,1585,688700,1826900
21000,29145,1465,860,603700,2071800
22000,30175,1575,955,602800,2764000
23000,29225,1940,795,646000,2027600
24000,31410,800,840,647700,2011700
25000,34840,745,885,761700,2252000
26000,39165,755,780,705900,2786500
27000,36930,745,805,713500,2486600
28000,39460,770,830,731700,2501000
29000,42395,785,810,841200,2592000
30000,43345,795,855,785000,3031500
31000,42775,780,835,859100,2955300
32000,43380,800,880,870600,3101700
33000,39520,1080,860,920900,3010300
34000,43615,1150,900,937000,3161700
35000,59605,940,965,995800,3705700
36000,52285,840,935,976200,3577600
37000,55125,1210,885,1020100,2092300
38000,55280,875,855,1067200,2243600
39000,56475,840,840,1049300,2112200
40000,54420,840,875,1086100,2264300
41000,55780,820,790,1073500,2227600
42000,49045,830,850,1407100,2497400
43000,60475,840,845,1127200,2340800
44000,57795,865,825,1200000,2452000
45000,57605,900,870,1243800,2548800
46000,63905,865,860,1380000,2643900
47000,59045,855,860,1327000,2577900
48000,62265,835,805,1259300,2535400
49000,65505,760,815,1212500,2586000
50000,74965,860,1495,1235400,2778600
51000,57700,830,855,1442600,2694400
52000,62330,860,800,1372300,2725100
53000,63010,805,880,1395600,2845300
54000,71350,955,915,1545700,3278300
55000,70800,830,915,1486300,3871600
56000,69015,870,855,1452500,2945200
57000,73700,820,790,1415300,3000500
58000,81830,965,890,1563200,3142300
59000,100440,1195,2490,1583500,3840900
60000,124715,1870,1160,1584700,3342500
61000,88895,915,955,2237500,3791000
62000,84770,885,845,1806800,3504700
63000,81730,815,830,1562100,3324200
64000,75565,875,840,1618800,3853400
65000,81070,895,900,1621000,3849800
66000,71200,865,845,1668300,3498800
67000,99555,880,1550,1687900,4114700
68000,71875,865,860,1710700,3623400
69000,97815,1545,880,1746300,3734000
70000,83200,835,785,1773600,3722500
71000,83910,885,860,1792900,3856400
72000,82740,850,1160,1893200,3801100
73000,95100,940,855,1819000,4560400
74000,96390,875,900,1936200,4043200
75000,93205,890,830,1861200,4048400
76000,100895,935,905,3022700,4688800
77000,108555,985,945,1912300,4548100
78000,98005,975,945,2392700,4848100
79000,94580,1185,910,2141100,4585600
80000,105490,870,1230,1985600,4787000
81000,107970,895,850,2013900,4692000
82000,127075,940,1605,2032200,4616400
83000,125130,955,1230,2463400,4958600
84000,107715,955,835,2493300,4797600
85000,115990,920,850,2106400,4625800
86000,123115,970,950,2129900,5002700
87000,116045,935,1550,2372100,5124100
88000,100880,910,910,2187100,4781700
89000,143335,1015,2330,2243100,5011400
90000,111425,1210,905,2242100,5028600
91000,119360,945,905,2544700,5042100
92000,128650,950,1235,2322300,5067300
93000,115275,955,890,2343600,5112400
94000,140845,995,925,2355300,5306800
95000,175170,1030,1900,2381000,5282600
96000,132135,1330,970,3581500,5462600
97000,127410,965,895,2661600,5649900
98000,149460,1035,1910,2455300,5966900
99000,120725,2325,970,2948900,7280300
100000,135450,1035,1010,2592200,5867800
101000,119155,970,905,3052700,5956600
102000,123300,915,880,2598800,6201100
103000,149235,980,965,2553300,5855900
104000,142525,945,900,2768600,5837200
105000,138675,885,825,2607600,5981400
106000,134480,820,735,2623000,5914700
107000,137920,785,710,2654200,5853600
108000,136755,795,685,2791600,6102300
109000,212820,865,2385,2720300,6604500
110000,125865,790,760,3282700,6624900
111000,149135,780,695,2781800,6159900
112000,142035,805,680,2999700,6546500
113000,168565,835,730,2963800,6437400
114000,139025,780,720,2818600,6675000
115000,132205,790,720,2852600,6618700
116000,155680,820,760,2875500,6463700
117000,147400,795,745,2899000,6496400
118000,142240,790,705,3043100,6608000
119000,151965,815,715,2946800,6769600
120000,147630,775,705,2967800,6911700
121000,173485,850,775,3003700,6810700
122000,196035,900,825,11018400,26564100
123000,188795,860,795,3972700,10343200
124000,176455,910,955,3403700,7658500
125000,316790,800,765,6869500,7604300
126000,173280,835,750,3133500,10012300
127000,164985,805,820,3050000,7596700
128000,283360,2030,1610,3418300,10940500
129000,179555,895,815,3475700,9494200
130000,175495,855,1110,3294000,7985600
131000,231255,935,890,5773600,8999700
132000,173045,910,880,3901000,8590900
133000,175225,840,755,3246700,7902800
134000,158865,850,785,3464100,7828500
135000,176015,890,800,3348100,7792400
136000,182010,790,740,3255800,7730200
137000,174645,800,735,3246500,7804100
138000,164665,1160,740,3150400,8902900
139000,180775,805,745,3170400,8193200
140000,187795,770,760,3188000,8044300
141000,172925,775,780,3203400,8229500
142000,187465,885,800,3216200,8335000
143000,172020,800,740,3265700,8171500
144000,178885,825,745,3248400,8527200
145000,182815,815,720,3266100,8465800
146000,193930,1145,720,3286000,9476800
147000,173950,795,770,3309100,8488800
148000,190420,1175,760,3319000,8625300
149000,223825,870,790,3332400,8683900
150000,181130,840,775,3344900,8629600
151000,209835,870,725,3361200,8966400
152000,188430,820,750,3381400,9226800
153000,210900,805,810,3470700,8802400
154000,197535,765,775,3463100,8704200
155000,205380,840,775,5696100,8948600
156000,204315,830,790,3450700,8952500
157000,203660,845,760,3464000,9144700
158000,251370,2910,855,3476600,9299500
159000,260290,985,815,3699400,11197100
160000,193475,1005,795,4429900,12651800
161000,275290,990,845,4376800,11806700
162000,219110,890,790,4231200,11324300
163000,275865,1010,830,3796000,10167600
164000,284920,1050,880,3904500,11801100
165000,247155,1000,880,4179200,12467400
166000,263050,935,875,3970800,10782300
167000,337665,1660,920,4369100,11079000
168000,258545,935,825,4246600,12014700
169000,306645,1000,880,5087900,12413300
170000,344350,1335,1120,4544300,12586300
171000,288305,925,885,4387600,12277200
172000,261585,975,880,3991600,11593400
173000,198375,850,775,3991600,10166300
174000,211270,930,820,3947800,10109200
175000,242995,825,770,3956000,10359900
176000,208645,845,780,4022300,10452700
177000,247980,910,815,3893800,10761000
178000,222830,855,780,3912800,10254300
179000,219010,845,760,4052900,11254300
180000,218100,875,765,3956400,10686400
181000,276120,960,785,3971500,10853600
182000,221140,905,725,4000700,10890400
183000,284280,890,1730,6194000,10841100
184000,243005,830,710,4413800,10742700
185000,230820,850,775,4059200,10767900
186000,239000,875,835,4087200,11273100
187000,273335,1795,785,4201400,10949900
188000,205140,795,735,4305100,11426900
189000,238700,880,760,4153100,11225400
190000,270460,855,775,4296300,11108500
191000,256935,880,795,4200400,11550700
192000,263795,1145,840,4224600,11346300
193000,243355,865,730,4480400,11646400
194000,263130,1155,760,4265100,11358800
195000,259635,890,785,4281800,11724800
196000,262025,910,785,4432100,11744700
197000,242800,890,845,4332300,11837200
198000,253680,905,765,4524200,11945600
199000,246630,865,740,4496700,11539700
200000,255900,1170,800,4394500,11988800
201000,306805,1230,800,4417400,11863000
202000,250065,865,770,4445700,11907800
203000,291190,880,800,4699900,11964200
204000,258340,890,820,4604400,11939800
205000,251875,860,845,4513900,12027800
206000,268235,2095,785,4535400,12442800
207000,236215,860,805,4557400,12698800
208000,243585,1235,740,4569200,12678400
209000,261355,885,790,4750400,12544600
210000,252915,895,785,4615100,12449800
211000,323195,905,815,6938300,12776900
212000,330500,895,795,4779000,13065000
213000,323460,900,800,4799700,13059800
214000,323210,925,760,4700300,13051400
215000,325630,905,830,4732900,12957800
216000,339735,900,825,4792000,13007400
217000,277895,1015,800,5287900,13889000
218000,269480,910,765,4985800,13073500
219000,264400,875,765,4825200,13172100
220000,282220,1825,805,4967300,13014500
221000,262555,925,815,4985400,13241100
222000,305140,935,835,5014600,13135400
223000,281230,855,775,4914000,13570900
224000,284835,855,760,5043900,13308300
225000,313865,905,820,4944600,13486800
226000,278685,880,770,4968200,13671000
227000,341660,875,785,4991500,13798600
228000,289995,890,835,5280400,13718100
229000,313270,925,780,5146500,13620700
230000,313935,905,855,5057400,14155900
231000,299450,1205,805,5231500,14070300
232000,322140,905,940,5214500,13604900
233000,319875,865,840,5126300,14247500
234000,295660,1180,830,5226900,14209500
235000,301600,890,780,5163400,14044300
236000,323425,905,825,5188300,14128400
237000,311395,930,815,5304200,14279900
238000,309880,875,775,5230500,14678600
239000,318450,960,825,7311100,15142700
240000,274125,850,790,5355100,14494200
241000,333185,965,870,5407800,14349200
242000,333025,920,775,5320900,14781000
243000,301680,900,800,5344700,14831800
244000,291655,885,765,5587200,14598800
245000,323150,875,780,5474700,15365500
246000,387040,1610,840,5489900,18435200
247000,321985,1520,790,6016600,16022500
248000,316975,915,815,5728800,15617500
249000,361320,865,1765,5973900,15554400
250000,352790,920,805,5852000,16391000
251000,331375,850,785,5708000,15617500
252000,326935,1210,770,5905000,16261900
253000,360240,910,810,5636900,15987600
254000,349415,925,780,5827900,15674000
255000,344505,1200,770,6009900,16546800
256000,312750,885,760,6251200,15788600
257000,302860,860,840,5717400,15640500
258000,339700,895,735,5742000,15853600
259000,345020,905,810,5755200,15536300
260000,342605,1185,825,5902200,15857100
261000,335985,910,815,6067500,15992900
262000,342910,900,850,5898600,15983900
263000,316440,930,820,5829600,15813300
264000,514975,3360,865,5855900,16416100
265000,333830,900,825,7887500,16975400
266000,361700,915,830,7940600,16071500
267000,330920,910,845,5962200,16307500
268000,314610,905,860,6190700,16449900
269000,345525,1195,855,6010600,16607500
270000,322560,850,805,6006400,16509700
271000,322135,900,855,6213200,16980900
272000,343000,915,780,6183600,16555000
273000,346460,855,790,6327400,16713800
274000,303395,1465,770,6061700,16704400
275000,356190,950,900,6085900,17515300
276000,361715,920,810,6097900,16814100
277000,311525,860,795,6113600,17381600
278000,355755,1190,780,6134800,17064800
279000,342975,920,840,6602600,17201000
280000,358785,935,780,6164200,16882000
281000,354300,925,820,6192500,17219700
282000,391055,910,845,6209400,16848500
283000,375820,920,805,6229600,17485200
284000,383665,1805,785,6430600,17391700
285000,356805,920,805,8448300,17270400
286000,348045,935,805,6520600,17274500
287000,351640,930,780,6482200,17270100
288000,347660,1250,805,6452600,18162000
289000,382175,930,820,6464500,17682600
290000,407400,935,840,6492000,17702700
291000,372310,905,775,6399700,18317800
292000,335545,1190,845,6428500,17778600
293000,404550,965,805,6572700,18023600
294000,394395,905,785,6479300,17968800
295000,386450,955,840,6496900,18384200
296000,401845,1000,850,6507900,19053100
297000,425610,930,845,7596200,18041500
298000,366500,1160,765,6562900,18469000
299000,343360,925,800,6586000,18398200
300000,404240,925,850,6991500,18164700
301000,472610,2160,820,6621900,18432600
302000,360905,955,835,6805900,18875600
303000,365820,875,835,7056300,18853100
304000,373805,1215,800,8880500,18665800
305000,374815,910,825,6770800,18487700
306000,388355,1935,820,6744100,19686600
307000,388660,975,845,6750300,19093800
308000,435300,935,875,6781800,19053500
309000,353395,930,830,6940500,19113900
310000,372520,930,820,7386000,19293300
311000,423825,1225,840,6830300,19279200
312000,407030,915,840,6859700,19393800
313000,415960,910,865,6888500,19846600
314000,405730,930,845,7024900,19692300
315000,415605,905,845,7057000,19447600
316000,439755,990,875,6963200,22009100
317000,436850,905,845,7100500,19384600
318000,408555,940,815,7144500,19928300
319000,409830,875,795,7009500,19364200
320000,398480,930,830,7034000,19459000
321000,430375,900,840,7188700,19857500
322000,780785,1450,1070,7275000,22284700
323000,541820,1050,930,10476900,33864300
324000,625905,1320,990,8335100,23237200
325000,489830,970,910,8489900,25007600
326000,416015,950,835,11074000,22576300
327000,446215,960,895,7593200,20392500
328000,387135,940,795,7212600,20357500
329000,429940,920,835,7256100,20890800
330000,456550,910,830,7483900,20243500
331000,412480,935,805,7283500,20700400
332000,440400,910,860,7312000,20787800
333000,414030,995,820,7482200,20802800
334000,419430,935,860,7358500,20985000
335000,447485,1025,820,7640500,21315800
336000,475675,975,815,7389200,21109000
337000,469500,915,825,7416300,20957700
338000,558005,2485,925,7947100,26956900
339000,549765,1100,940,8527200,25792200
340000,587920,1180,905,8231800,23743900
341000,564835,1530,875,9264200,25159000
342000,644710,1260,965,10137300,26180900
343000,762515,2070,1150,8659300,27151200
344000,536520,1075,965,8644300,24591200
345000,393290,885,780,8040800,22680900
346000,458655,950,790,7670500,21569000
347000,531890,1000,835,8073000,21870800
348000,511235,955,860,8178700,22255900
349000,516340,970,865,7786400,21813200
350000,468860,940,840,7700800,22176100
351000,476385,1010,850,7956600,21980900
352000,423415,915,810,7742200,21944500
353000,497510,1265,840,7888600,21853900
354000,624945,1035,895,7855400,22195500
355000,462550,960,825,7805500,22284700
356000,438945,935,815,8955300,22210600
357000,448955,1260,830,7861900,22260100
358000,469205,1000,875,8204200,22385200
359000,430200,1280,820,8007100,22643900
360000,473080,935,895,10593800,22731000
361000,471960,1005,870,8053500,22504400
362000,471940,935,845,7954600,22652500
363000,462920,975,850,8135600,23076500
364000,427750,940,825,8005700,22564700
365000,465650,945,885,8143100,22504100
366000,431735,905,810,8045200,23198800
367000,524585,1125,915,8203200,23017600
368000,447195,990,795,8204000,22848500
369000,444760,1015,850,8125300,23170400
370000,445475,905,790,8373500,22922300
371000,572590,1035,895,8182100,27120500
372000,511735,965,855,8627100,23158000
373000,479195,960,855,8209300,22998500
374000,471555,960,885,8360400,23531800
375000,457705,970,840,8577800,23448600
376000,497800,935,830,8398500,23253300
377000,549130,1030,950,8534400,23906100
378000,581850,1025,910,11140300,25476100
379000,533845,950,865,8685400,24075400
380000,471850,985,810,8473900,24332600
381000,489500,1200,840,8544200,23916900
382000,461345,965,860,8496800,23924500
383000,458475,1225,830,8787100,23788000
384000,476300,980,850,8454000,24579500
385000,535805,930,870,8636800,24410300
386000,484225,915,820,8597500,23895000
387000,493320,925,815,8531300,23991800
388000,504525,1230,810,8960900,24366800
389000,532040,960,840,8702500,24387200
390000,548700,1295,895,8720000,24366700
391000,494150,950,870,8600500,25427100
392000,416490,915,855,8621700,24685100
393000,510120,1005,925,8887500,24795900
394000,528180,1280,860,8768500,24346400
395000,541570,995,905,8853200,24972700
396000,559165,975,915,11091000,24612900
397000,503800,960,835,8743300,24976400
398000,501475,985,880,9202500,25556900
399000,540215,1000,870,8849800,25922900
400000,500560,965,855,8962000,25326700
401000,553050,945,835,8934900,25082400
402000,661225,1015,885,9030900,25096000
403000,544775,1000,885,9437300,25839300
404000,497180,955,855,9155200,25934300
405000,521045,1025,920,9162900,25764600
406000,511905,940,845,9049900,25293600
407000,585470,990,880,8949700,25903100
408000,543380,975,865,9369100,25379700
409000,503690,1575,860,9002000,25614500
410000,538130,1805,890,11145900,25776200
411000,525665,1300,840,9048600,26059600
412000,556470,985,885,9073800,26729700
413000,531925,1015,865,9082900,26880700
414000,557245,990,880,9093800,26299800
415000,502715,935,810,9241200,26038600
416000,491085,1555,865,9261600,26083100
417000,550045,975,850,9295300,26892100
418000,512855,980,825,9311000,26294800
419000,543440,985,875,9365700,26429400
420000,558710,945,845,9361000,26541100
421000,551495,975,850,9392000,26981100
422000,527365,965,890,9769300,27088200
423000,521150,1280,845,9433300,26718700
424000,568025,980,895,12098800,26900200
425000,569545,1010,895,9328100,27215000
426000,610885,1045,915,9638500,26785400
427000,572605,960,855,9388300,27562000
428000,578685,1005,855,9484700,26845700
429000,581980,970,835,9543900,26853300
430000,538995,1005,880,9578000,27258200
431000,539550,1235,860,9557000,26976100
432000,550275,1040,890,9658200,27616600
433000,550585,965,850,9635100,27117300
434000,595140,990,880,9666300,28453200
435000,570735,1000,820,9788800,28128700
436000,570130,955,870,9585300,28068700
437000,670070,1035,970,9728200,36060500
438000,846355,1385,1055,26840400,32679600
439000,755865,1165,2255,10702200,31580000
440000,795290,1155,950,11039200,29073400
441000,522235,990,850,9999400,28043500
442000,565465,1000,840,9820600,27759800
443000,552795,1285,870,10172800,28011900
444000,566705,1000,900,9762800,28571100
445000,519415,975,840,9982100,28357400
446000,639230,995,885,9936100,27885600
447000,557025,1220,860,10121000,28586600
448000,623325,1000,860,9985400,28126400
449000,980415,1775,1040,10848900,37084200
450000,737620,1265,945,11938000,31427200
451000,796880,1240,1000,12324900,33211300
452000,963775,2590,1075,12964000,34700400
453000,618325,1075,950,11610800,34631500
454000,574410,1020,835,10550000,28879100
455000,584435,940,875,10276000,29033600
456000,720215,1360,895,10156400,29667900
457000,513935,960,880,13306600,29424300
458000,628385,995,900,10071500,28792800
459000,533290,955,815,10214600,29347000
460000,657825,995,910,10895800,29115600
461000,569930,1285,1180,10138800,29253800
462000,636135,1035,875,10406000,29393800
463000,582950,975,835,10348200,29372100
464000,629340,1105,880,10205300,29471400
465000,616575,990,905,10311700,29230800
466000,647080,1270,885,12339600,33730900
467000,583040,1080,900,10388900,29755200
468000,544190,970,850,10417300,29740900
469000,633380,1040,855,10318500,30087600
470000,604270,955,870,10424800,29374800
471000,604220,1040,890,10541600,31276300
472000,638555,975,895,10383200,29693500
473000,570765,1010,860,10983400,30427000
474000,556435,1915,860,10419000,30196700
475000,597100,990,885,10573600,30591200
476000,619305,1050,880,10597800,31159800
477000,593950,1065,845,10486300,30672600
478000,609765,1000,895,10619300,31105300
479000,624740,1940,2390,10524500,30290900
480000,714100,1070,885,13197400,31190800
481000,620625,1015,910,10581000,31390100
482000,647775,990,875,10862100,30916200
483000,665000,985,885,10711100,31283000
484000,658800,1050,860,10760500,30778600
485000,607630,1005,920,10698800,31622700
486000,570995,1270,845,10793100,31213900
487000,694645,1050,880,10737700,31298700
488000,669845,1005,885,11083500,31983300
489000,700805,1165,880,10883300,31303800
490000,615400,1695,870,10937900,30889300
491000,628030,1000,885,10953000,31468700
492000,636810,1010,855,10876800,31104800
493000,547350,1225,840,12702900,31329000
494000,589295,1305,1530,11640500,31400600
495000,633760,1330,860,11018400,31563900
496000,675810,1020,915,11070200,31752200
497000,718215,1330,890,11086500,31652900
498000,623310,1300,895,10958900,32085200
499000,613735,1020,895,11108800,32493100
500000,564275,1005,835,11173900,32938700
501000,636845,1310,840,11064100,32258500
502000,663560,1080,870,11250300,31883200
503000,712630,1000,850,11067000,32985000
504000,676515,990,830,11271100,31697500
505000,647285,1000,875,11225400,32501600
506000,785490,1070,1255,13246300,32934400
507000,688845,985,830,11153500,32355600
508000,649060,1040,860,11367200,32327000
509000,627835,1015,1825,11370400,32794000
510000,684955,975,1805,11240500,32338800
511000,649385,1000,845,11380100,32950000
512000,749240,1045,840,11441300,32922900
513000,816705,1505,905,11291800,33123500
514000,720755,1255,915,11953700,35331500
515000,829180,1220,960,12260800,36192700
516000,814605,1550,970,12130900,35512000
517000,784645,1310,1025,12183200,35545600
518000,694620,1015,875,11494700,33042200
519000,659565,1040,915,13971600,33439300
520000,722350,2025,935,11431300,33052000
521000,641780,980,905,11682400,32817400
522000,602120,1020,930,11561100,34003300
523000,748265,1075,880,11506200,33933200
524000,756815,1080,935,11585900,34674700
525000,739370,995,950,11856300,33779500
526000,932520,1315,1005,11781000,33381900
527000,846940,1130,930,14965000,39297600
528000,948825,2230,1020,14810000,44184400
529000,606045,1020,950,12807300,34554300
530000,699355,1025,925,11715100,33703000
531000,698890,1065,910,13554200,35266400
532000,637600,1375,915,11690100,34572400
533000,697850,1040,910,11875200,33889200
534000,756875,1050,900,11979300,35003700
535000,663510,1040,890,11863800,33947100
536000,984440,1330,1045,11935200,36047000
537000,776075,1210,1280,15253400,41525300
538000,887640,1265,985,13303400,42112300
539000,1167415,1910,1085,13392900,42840100
540000,773245,1415,905,13659100,43743100
541000,741225,1335,1605,12033600,34495400
542000,680180,1030,1760,13841400,35344500
543000,735560,1035,1855,12177200,35259600
544000,692735,1060,900,12216800,34900900
545000,726100,1035,915,12216000,35312700
546000,828945,1070,895,12059900,34930400
547000,767175,1040,870,12319000,35477200
548000,818825,1375,920,12227500,35335500
549000,736730,1065,890,12249000,35299500
550000,774040,1290,860,12346700,35266400
551000,707060,960,895,12256000,35596700
552000,704430,1035,895,12458000,36129300
553000,692610,1010,865,14126700,37115300
554000,711320,1320,895,12561400,35386300
555000,706170,1055,855,12387000,36710200
556000,697710,1045,885,12382200,36252900
557000,643840,1025,875,12343800,35805600
558000,790390,980,875,12401800,35848200
559000,731010,1015,870,12660300,36474300
560000,755025,1005,900,12281900,35656200
561000,747170,1335,900,12337200,36192600
562000,762330,1015,860,12365900,36391700
563000,751955,1375,890,13163300,36636200
564000,789220,1040,880,14093100,36048300
565000,725745,1035,900,12883200,37307400
566000,753840,1180,960,12568500,36509300
567000,782620,1050,865,13258700,37232600
568000,673705,1035,870,12495800,37755800
569000,771500,1105,895,12606000,37570300
570000,769710,1325,900,12729700,36514000
571000,724075,1065,920,13116600,37755800
572000,676335,1010,845,12675400,37833800
573000,792310,1090,880,12804400,37064800
574000,762330,1360,935,12638500,37642700
575000,793885,1025,860,14775100,37078800
576000,747980,1365,895,13014000,37383000
577000,787525,1005,905,12824400,37936700
578000,777245,1080,910,12732600,37906700
579000,888505,1185,960,12946800,37562100
580000,761015,1030,870,13236500,38521300
581000,764490,1345,885,12829700,38495200
582000,694810,1065,890,13026400,38297200
583000,718535,1010,905,13304900,37644000
584000,741945,1040,870,12970900,37924500
585000,807185,1060,880,12981200,38067300
586000,780380,1095,855,14629200,38298100
587000,761915,1060,890,13002200,38520300
588000,691715,1080,875,13089600,38330400
589000,732580,1010,885,13074300,37810100
590000,760600,1000,895,13218300,37597500
591000,701670,1305,900,13407100,38134500
592000,873430,1115,920,13241500,44663700
593000,765020,1405,825,13369600,38456700
594000,730415,1050,990,13330700,38777400
595000,938815,1805,930,14001700,41324500
596000,929405,2030,935,14034100,41266800
597000,1081070,1395,960,15645700,42727900
598000,744195,1400,880,14046100,40958500
599000,726215,1160,1585,13101200,39299400
600000,737140,1135,855,13219500,39387600
601000,736750,1125,885,13373000,38861600
602000,1397180,1305,910,13135200,46413200
603000,1007875,1220,920,17514800,47993700
604000,839530,1130,875,20195800,43665500
605000,811585,1330,895,13286700,40198300
606000,789160,1060,800,13554000,39241400
607000,889445,1160,875,13406400,39857900
608000,871790,1145,840,15438300,40017400
609000,802630,1110,895,13640000,40721600
610000,863295,1210,865,13294700,42584800
611000,1143505,1585,1080,13610600,39732400
612000,1115850,1420,925,16518600,46984200
613000,1251255,1630,1065,15432100,44586100
614000,1427145,1745,1235,16342600,47080200
615000,836535,1130,885,14538700,41081400
616000,893160,1095,885,13547200,41281000
617000,846810,1190,870,14139100,40179600
618000,840970,1150,875,13667500,40408600
619000,916405,1160,860,15502600,41134300
620000,927665,1160,875,13686300,41447500
621000,886090,1190,805,13570900,40164900
622000,859855,1130,885,13694800,40964800
623000,874085,1145,890,13819900,41339800
624000,745865,1140,860,13735700,40931600
625000,767490,1065,880,13778500,39933000
626000,880895,1225,880,13968900,41360300
627000,832525,1135,850,13828200,40802800
628000,799690,1200,845,14043100,40953900
629000,897470,1090,905,16814400,44244100
630000,823095,1145,885,15697100,41906000
631000,878780,1390,900,13915400,40376800
632000,806645,1080,920,13919500,41267200
633000,923690,1120,935,13927900,40588200
634000,837340,1150,940,14304700,42216900
635000,846680,1190,850,14168200,42179900
636000,875900,1160,850,14069700,41103900
637000,768120,1125,895,14704200,41721100
638000,835970,1070,875,14043400,42027200
639000,835370,1120,875,14021300,42889700
640000,807060,1145,875,14374500,42876300
641000,877065,1210,870,16048800,42630700
642000,877290,1090,860,14164400,42375900
643000,824120,1090,885,14354900,42474200
644000,849065,1140,895,14166900,41796900
645000,822110,1175,935,14178000,41724800
646000,897980,1465,910,14317400,42089500
647000,854290,1145,880,14276100,45968600
648000,1028855,1330,965,14239100,42181000
649000,928800,1135,895,14204000,42110000
650000,840520,1150,900,14242200,44385700
651000,867580,1135,890,14484700,42550600
652000,886190,1125,880,16359100,42292400
653000,816315,1115,860,14358400,43195500
654000,930330,1145,875,14612100,43279400
655000,917250,1540,845,14395400,42395200
656000,818010,1135,910,14451700,42993700
657000,885565,1135,845,14827700,43075200
658000,1035580,1155,915,14577500,42988100
659000,902140,1125,865,14477000,43816300
660000,903670,1185,860,14525400,43947400
661000,846665,1175,900,14544200,43078200
662000,897200,1140,880,16494600,43367800
663000,819060,1170,875,14500600,43519000
664000,1009140,1095,900,14635900,43820800
665000,871440,1180,905,14638400,42969300
666000,847365,1210,920,14691000,45372200
667000,846660,1235,865,14692000,45262800
668000,828820,1160,885,14895600,43272600
669000,1039595,1365,945,15162300,52576900
670000,1286225,1510,1010,15131800,57671900
671000,878215,1160,925,16191200,44133500
672000,802960,1150,905,14809800,43630500
673000,951635,1210,950,14946400,44044000
674000,971565,1620,915,14802800,44265900
675000,856355,1175,1800,14898800,44802200
676000,994545,1490,880,14930300,48045800
677000,1244135,1560,1025,15801100,54173100
678000,1247020,1660,995,16210100,53112700
679000,1709835,1940,1235,17699400,53174900
680000,855005,1165,885,17810900,46159000
681000,917660,1505,880,15054200,44931200
682000,1018255,1205,910,15245000,45021700
683000,945080,1205,865,15043200,46122800
684000,921735,1210,870,15077200,44354200
685000,893910,1165,855,15256800,44514000
686000,888710,1190,875,15039500,46091100
687000,928630,1270,855,15768200,45526200
688000,843865,1150,860,15334200,44498400
689000,916165,1220,915,17573800,47880000
690000,873140,1200,900,15135600,45864100
691000,901475,1210,935,15199100,44334700
692000,934280,1170,890,16114000,44900800
693000,887725,1130,910,15187600,47263200
694000,829680,1165,895,15312100,46618000
695000,920475,1195,950,15291100,45488100
696000,821300,1140,860,15384900,45454000
697000,1056535,1190,940,15268800,46478200
698000,961565,1170,915,17132100,46604100
699000,1005730,1325,980,15624400,46111600
700000,1039790,1235,965,15475800,46289600
701000,940495,1145,965,15797700,45346500
702000,1014940,1270,965,15483800,47083200
703000,902560,1230,875,15471600,45873800
704000,983840,1640,910,15471500,46624100
705000,977175,1215,940,15655300,46813800
706000,943350,1465,905,15627500,46378200
707000,1023735,1270,960,17176100,46291800
708000,916385,1200,925,15783200,46994600
709000,928055,1140,890,15705100,47011700
710000,987925,1185,925,15723300,46475100
711000,1010975,1295,930,15756700,47936100
712000,947660,1230,885,15734200,46513000
713000,995950,1565,915,16031700,46177400
714000,933765,1250,925,16027600,48457100
715000,890465,1205,915,17305200,47294600
716000,1043620,1230,945,17387000,46822500
717000,929050,1300,945,16472100,48613800
718000,940275,1270,905,16153200,47684100
719000,981450,1255,935,15924400,47101700
720000,829725,1160,860,15950600,47925600
721000,971735,1170,900,15988600,48318500
722000,848750,1215,955,15883100,47551900
723000,983185,1225,885,15925700,46796500
724000,854400,1205,890,16276400,48608800
725000,1023525,1205,945,22436000,49623400
726000,1016740,1140,850,15991100,48627000
727000,1026940,1240,905,16162000,47842700
728000,923945,1235,885,16237900,48586000
729000,1782910,1685,1295,16047300,48354400
730000,1238090,1500,1035,23078900,54659400
731000,974415,1220,875,16963800,54251100
732000,987705,1490,875,16066200,48710700
733000,897225,1225,890,16266100,48697500
734000,968310,1185,925,17995300,49484000
735000,917090,1520,935,16279300,48551800
736000,994040,1230,900,16680100,48956800
737000,1547100,1690,1105,16415500,58474400
738000,1487420,1645,1060,19020400,56747800
739000,1516215,2730,1260,19229600,58760300
740000,947235,1180,880,17205900,49220900
741000,1099415,1220,895,16430900,48619700
742000,1113315,1240,875,16316700,48522700
743000,1091000,1255,940,18354800,50503000
744000,1091605,1210,900,16397600,49323100
745000,1007825,1205,970,16371100,48970400
746000,1022560,1230,930,16467700,50025600
747000,1075350,1595,930,16467600,49531900
748000,987055,1435,870,16618400,48884300
749000,1055100,1215,920,16934400,50151300
750000,932640,1245,930,16540800,50378700
751000,1075640,1935,995,16480600,49828700
752000,1043455,1270,940,18758300,50354400
753000,958825,1230,890,16745400,50192900
754000,1075340,1520,985,16959300,49239900
755000,1046445,1280,915,16589900,49109000
756000,1110490,1185,915,16569700,49704300
757000,1055375,1225,935,16619400,50075600
758000,1046390,1195,920,17187500,50221800
759000,981365,1485,920,17424800,53128500
760000,1021640,1325,930,16874700,51438800
761000,1109140,1265,970,18776600,51236100
762000,1112955,1195,915,17199100,50518100
763000,1122810,1310,950,16816200,51228400
764000,1142590,1325,945,16778500,50653000
765000,1085020,1230,940,16788200,50602900
766000,1036895,1230,945,16830600,50159500
767000,1070755,1205,930,16956200,51159800
768000,1075670,1220,900,17460900,51281100
769000,1200365,1245,1020,16866100,50629100
770000,1037600,1255,935,18611300,51708800
771000,1149390,1265,930,16922200,51860500
772000,1068290,1300,1030,17068800,51455700
773000,1133125,1270,1005,16968300,51184300
774000,1042910,1250,965,17334800,52300200
775000,1082005,1095,955,17283800,50703700
776000,1047905,1300,990,17132600,51282100
777000,1117000,1245,950,17090000,51446600
778000,1180655,1295,985,17088200,51776100
779000,1095050,1320,915,18741900,51330000
780000,1123925,1230,940,17161500,51770200
781000,1132240,1290,985,17605300,51955700
782000,1125645,1580,990,17683400,51592500
783000,1297070,1280,1045,17154800,52035700
784000,1046610,1620,955,17409300,51533600
785000,1315850,1490,1155,20978000,71676700
786000,1682835,1675,1160,20382800,64229100
787000,1100175,1250,1010,17491400,52988200
788000,1171180,1300,990,18965200,52060000
789000,1121745,1290,945,17368400,52243000
790000,1103170,1330,995,17475900,51614600
791000,1894210,1930,1425,17941900,57886300
792000,1587925,1830,1130,21632500,61231700
793000,1914410,2300,1530,19651700,66675600
794000,1094300,1255,940,20515800,56934300
795000,1190145,1295,965,17707400,55668400
796000,1105710,1325,960,20091600,51998200
797000,1085055,1485,985,17548900,54064600
798000,1117880,1305,1010,17759800,53740600
799000,1189520,1310,970,17544200,52160200
800000,934245,1225,880,17689200,52604600
801000,1234275,1370,1070,17688000,53574800
802000,1191585,1400,985,17607900,52865400
803000,1255035,1435,955,17906200,54555200
804000,1243270,1380,955,19877200,55756400
805000,1115375,1255,945,20649200,53734900
806000,1124055,1285,985,17771900,53299200
807000,1315930,1370,965,17951800,53678700
808000,1277920,1345,1690,17824100,53028300
809000,1147770,1355,940,18017600,53711800
810000,1040910,1275,930,17788500,53917800
811000,984070,1185,930,17828900,54290100
812000,1030715,1340,915,19870700,54986000
813000,1107885,1245,955,18529200,53765700
814000,1238685,1615,990,17888600,54419500
815000,1244205,1340,990,17933000,54410000
816000,1052805,1220,985,17923500,54784400
817000,1140990,1345,900,18094200,53948600
818000,1193515,1335,905,18111000,55185500
819000,1088020,1530,950,18287800,58266800
820000,1238545,1340,925,20103000,54505400
821000,1066545,1285,965,18272800,54463600
822000,1154030,1340,975,18162500,55937200
823000,1243060,1360,980,18068600,54300500
824000,1272135,1310,945,18273600,54955600
825000,1254955,1340,1110,18522300,54797500
826000,1307955,1305,1000,18558000,55466600
827000,1094145,1260,960,18411900,55707300
828000,1158540,1310,980,20015000,55839000
829000,1064425,1330,1005,18389700,55698500
830000,1127595,1365,1000,18488600,55158500
831000,1233605,1355,985,18560600,55455300
832000,1136395,1305,970,18298900,54356900
833000,1250620,1320,1085,18481100,55987100
834000,1232185,1485,975,18434600,56186700
835000,1298255,1400,1035,19142700,56032700
836000,1566930,1695,1260,24841500,66975200
837000,1324250,1320,940,21778100,62631800
838000,1287965,1325,1110,18415200,56499000
839000,1214020,1355,1005,18513000,55440400
840000,1186655,1375,990,18506600,56542200
841000,1266710,1420,1050,18652000,56027700
842000,1884400,3525,1415,18643300,59324800
843000,1672445,1760,1200,21919600,65130400
844000,1586930,1800,1220,23953400,67667500
845000,1415925,2190,1085,18984800,56374200
846000,1258020,1370,990,18827800,56790200
847000,1285730,1440,975,18640800,56833600
848000,1162705,1375,995,18558700,56626000
849000,1339365,1350,1065,18677500,56731800
850000,1320170,1700,1080,18771200,57161800
851000,1178690,1330,955,18930400,56821300
852000,1159200,1325,920,20739700,61426200
853000,1313490,1500,995,18993900,57952800
854000,1114330,1315,1000,19409000,56880800
855000,1140860,1235,1025,19097400,58073700
856000,1014980,1275,940,18895500,56852500
857000,1201540,1480,1985,18937200,57596200
858000,1182840,1360,1040,19029100,56598700
859000,1325250,1470,1060,18882400,60273100
860000,1178980,1380,1020,20479600,57384500
861000,1243980,1330,1065,19037000,58247700
862000,1280285,1350,1020,19023400,58484200
863000,1099545,1345,950,19187700,57922100
864000,1174960,1395,965,18931700,58595700
865000,1363850,1700,1115,19207800,57705000
866000,1279635,1425,975,19091500,58114400
867000,1276140,1415,1025,19136600,57122200
868000,1345225,1435,1025,20668500,57161700
869000,1242515,1685,1005,19520300,58750600
870000,1287975,1470,1025,19358000,58146400
871000,1271905,1385,1070,19187000,58385500
872000,1346395,1375,1070,19223100,59726200
873000,1278975,1495,1150,19319300,59283800
874000,1157895,1405,1090,19245300,58782900
875000,1322455,1325,1025,19325100,58658500
876000,1320090,1370,1045,20987200,59703600
877000,1250480,1410,1010,19310000,57852900
878000,1245755,1370,1075,19318400,58860900
879000,1413135,1365,1090,19333900,59614700
880000,1405715,1410,1055,19441800,58583700
881000,1414575,1495,1120,19372700,59386500
882000,1479475,1545,1050,19352900,58398800
883000,1478160,1495,1090,21073800,59467500
884000,2068605,3655,1285,24676900,64454600
885000,1491865,1405,1090,20536000,65956200
886000,1337075,1340,1050,19503100,60279400
887000,1321525,1395,965,19488600,60700000
888000,1280130,1420,1075,19539700,59282700
889000,1559295,2100,1105,19706500,60189600
890000,1532790,1620,1145,21607400,73073100
891000,1799240,2085,1345,23560700,73318000
892000,1365395,1415,1115,22478100,67455300
893000,1109185,1380,955,20242800,61151500
894000,1358025,1695,1100,19759000,60192100
895000,1200065,1450,1095,20069000,60412500
896000,1298625,1385,1070,19910100,60178400
897000,1336875,1395,1120,21737400,63830200
898000,1307680,2140,1015,20179800,60854600
899000,1414595,1590,1065,20199600,60279000
900000,1368725,1480,1020,20892100,61607900
901000,1233685,1500,1030,19907900,61160200
902000,1305695,1445,1010,19853900,61581600
903000,1335800,1475,1005,19845100,59538100
904000,1336295,1400,1075,21649200,61895500
905000,1297655,1385,1045,19988900,60600800
906000,1167955,1655,975,20130000,60400200
907000,1413190,1385,1085,20128300,64930200
908000,1393185,1545,1105,19919600,60686500
909000,1308695,1490,1170,20252900,61398600
910000,1305140,1430,1105,20340000,61780000
911000,1301160,1380,1020,21934400,60654000
912000,1343770,1445,970,20110800,61184700
913000,1392445,1425,1075,20160500,61055200
914000,1302995,1690,985,20101200,61429200
915000,1224550,1395,1035,20612200,62340400
916000,1287790,1510,1120,20100000,62485900
917000,1332440,1490,1055,20164300,62783900
918000,1349250,1520,1170,21820800,61635400
919000,1500070,1710,1015,20616500,62566700
920000,1233860,1575,1055,20390100,63410500
921000,1416105,1390,965,20229300,61656500
922000,1196600,1360,1015,20708800,62143200
923000,1306480,1380,1095,20262100,61568900
924000,1355435,2075,1030,20668500,62941300
925000,1452365,1835,1090,22027400,62218900
926000,1383205,1465,1065,20535400,64451600
927000,1210755,1360,970,20535800,61562600
928000,1353100,1490,1025,20607800,62911900
929000,1453575,1500,1140,20613500,73328800
930000,1439880,1595,1105,26647900,72345000
931000,1410345,1550,1075,20832200,63533300
932000,1478980,1420,1055,22569200,62101100
933000,1289100,1435,2035,20545500,62720300
934000,1369460,1410,1070,20525400,63898900
935000,1876525,2045,1310,20785100,74935300
936000,2040465,1960,2420,22729800,76675000
937000,1505720,1540,1120,24330600,72910600
938000,1420650,1545,1105,21112300,63437500
939000,1480135,1540,1125,22411400,64713000
940000,1389225,1625,2280,20843800,64962900
941000,1332880,1480,1000,20751200,62888500
942000,1385220,1490,1025,20664700,62816300
943000,1467245,1435,1075,20741300,63216900
944000,1378465,1410,1060,20694100,64664700
945000,1296200,1490,1050,20980100,65277100
946000,1444200,1450,1055,22648100,68724000
947000,1417155,1460,990,20797400,64643800
948000,1368910,1325,1045,20863400,63770800
949000,1490385,1450,1060,20829300,64282800
950000,1561070,1405,1095,20829900,65337900
951000,1272805,1420,1065,21125800,64040600
952000,1350855,1450,1115,21455700,65237100
953000,1557415,1650,1155,22584800,64246800
954000,1381885,1805,1010,21052000,64337200
955000,1422830,1500,1005,21354100,65384100
956000,1148560,1410,990,20969500,64493200
957000,1521205,1405,1060,21194700,64142200
958000,1470730,1620,1095,23948000,64385700
959000,1494675,1470,1110,21151600,64863900
960000,1633430,1635,1110,23287100,64181100
961000,1563245,1590,1195,21103400,64329700
962000,1568125,1565,1100,21435100,66286100
963000,1562850,1530,1010,21107600,65535600
964000,1610840,1555,1040,21170000,65016400
965000,1270875,1390,1060,21566600,64636000
966000,1402490,1465,1020,21338900,64609500
967000,1601560,1445,1170,22898000,65322600
968000,1324740,1960,1015,21317500,66424900
969000,1230015,1535,1120,21294200,66658500
970000,1559225,1605,1040,21238500,65950900
971000,1380880,1445,1115,22122000,69174300
972000,2070355,1865,1285,21464000,89309600
973000,1409925,1470,1055,26519100,75969100
974000,1565580,1555,1100,23342300,65618300
975000,1529745,1500,1090,21349500,66153900
976000,1509325,1505,1110,21645500,64805400
977000,2251525,1995,1440,21917400,65844700
978000,1826605,2265,1375,26159000,78533800
979000,2016190,2010,2505,25602400,82885600
980000,1951375,1650,1335,26494000,79231400
981000,1572420,1650,1170,27280900,72299100
982000,1655085,1570,1135,22162800,68372300
983000,1616305,1540,1220,22153300,68694300
984000,1616320,2245,1105,22071900,73993200
985000,1664980,1590,1090,22281600,67504100
986000,1469390,1750,1165,22174300,70092600
987000,2204270,2920,2205,22079100,77551700
988000,2136290,2195,1265,30254000,81110300
989000,1925380,1715,1180,24894000,74095500
990000,2241620,1795,2415,24772700,75048700
991000,1654335,1825,1200,25046600,74774900
992000,1761055,2360,1500,24992500,77413100
993000,1716035,1650,1085,24911700,78046500
994000,1464995,1545,1205,22474200,68185500
995000,1553235,1555,1135,24591600,68781700
996000,1542915,1490,1070,22107600,67753700
997000,1586555,1480,1170,21926100,67569300
998000,1603020,1540,1105,21911200,68590100
999000,1631560,1440,1100,21993300,74448300
1000000,1438465,1450,1095,21956300,68070600
